family	module_or_upstream	input_contract	output_contract	dependencies	example_entry_point	original_source
partial-GT screening integrity audit	scripts/qc/audit_partial_gt.py; audit_partial_gt_followup.py	preserved MVA_SRC_ROW original BCF, split/ClinVar VCFs, exact FASTA/aliases, saved Exomiser transcript snapshot/TSVs, retained follow-up tables	private original-GT/AD/PL lineage, complete-vs-called-ALT counts, coding and clinical recovery ledgers; never repaired GT	Python standard library, pysam/bundled bcftools	See PARTIAL_GT_REPLAY.md	new offline audit; reuses existing ClinVar genotype/categories and called-ALT/span helpers
primary alignment/coverage/calling	Carbon-DeCoder pinned commit	FASTQ/BAM, GRCh38 reference, workflow config	BAM, coverage summaries, normalized VCF	Nextflow and upstream workflow tools	See upstream README	Carbon-DeCoder cd03b3bdb6a29847916429d072f27de94c88065c
baseline VCF REF audit/normalization/QC	scripts/qc	indexed VCF, matching FASTA, contig aliases	audit JSON, normalized VCF, QC JSON	Python, pysam, bcftools	python scripts/qc/audit_vcf_reference.py --help	untracked historical sources sha256 audit=aa26b801... normalization=2da8d212... qc=ed20bd07...
ClinVar exact matching and triage	scripts/clinvar	case VCF and versioned normalized ClinVar VCF	exact annotation; complete and partial-called-ALT strata; P/LP review includes carried partial GT without imputation	Python, pysam, bcftools	python scripts/clinvar/clinvar_exact.py --help; see PARTIAL_GT_REPLAY.md	mva-clinvar-triage-20260909 f1f265e2e6a201fe7fac83ae838d0f60a00d0f45; screening-reviewed selection adaptation
read-backed phase and phase rescue	scripts/phase	indexed BAM, indexed VCF, targets/region	regional candidate VCF, read-phase manifest and audit	Python, pysam, WhatsHap	python scripts/phase/prepare_regional_phasing.py --help	mva-bub1b-phase-rescue-20260911 62710e779a1ec8cd0c9e4d00380c9e2d30f0e28c
population phase/co-occurrence	scripts/phase/query_gnomad_schema.py	bounded gnomAD variant IDs plus saved response, or explicitly selected query mode	replayable response JSON	Python; optional local gnomAD client wrapper	python scripts/phase/query_gnomad_schema.py --help	mva-gnomad-cooccurrence-20260910 d6ab65e07a1d7669fbd5690138f8eea97071c3d2
open panels/RGC and long-range feasibility	report-only/manual-query family; no additional executable producer recovered	public exact-variant pages/panel subsets or assay-design literature	saved query evidence/feasibility notes, not sample phase	external public portals; no patient upload	not programmatically replayable from preserved sources	population/open-panel/RGC reports and targeted-longrange feasibility inventory (manual evidence, explicitly not claimed as scripted)
RD/BAF	scripts/copy_number/chromosome_rd_baf.py; rd_baf_followup.py	indexed BAM/VCF, FASTA, masks	window statistics, masked bins, exploratory segments	Python, pysam, numpy, scipy	python scripts/copy_number/rd_baf_followup.py --help	mva-rd-baf-followup-20260909 fab54b950c089f92827c3b66ca5a9d90eadd0354
MoChA calling	scripts/copy_number/run_mocha_wgs.sh	prepared phased WGS BCF, excluded-variant BCF, CNP BED, sample label	MoChA annotated BCF, calls and stats	Docker; image built with docker/Dockerfile.mocha (bcftools 1.20 + MoChA 95686b7)	docker build -t mva-mocha:bcftools-1.20-95686b7 -f docker/Dockerfile.mocha . && bash scripts/copy_number/run_mocha_wgs.sh PHASED.bcf EXCLUDED.bcf CNPS.bed OUT SAMPLE	mva-mocha-install-queue-20260909 5f7e2e85907a870b61ce973e2c0d874592013725
MoChA interpretation	scripts/copy_number/interpret_mocha.py	saved calls/stats, masks, RD/BAF tables	review TSV and summary JSON	Python standard library	MVA_DATA_ROOT=/workspace python scripts/copy_number/interpret_mocha.py	operations/mocha-interpretation-20260910 (uncommitted historical analysis)
SV and mtDNA calling/filtering	scripts/sv_mtdna/run_mtdna_sv_screen.sh; filter_existing_mtdna.sh	indexed BAM, FASTA, bounded scope or saved mtDNA VCF	immutable caller/filter output and summary	bcftools, samtools, DELLY/Mutect2 as configured	bash scripts/sv_mtdna/run_mtdna_sv_screen.sh	mva-secondary-analysis-20260909 9baa5ea37b78d18c99d473d8822573d4eea2f46a
SV gene/phenotype annotation	scripts/sv_mtdna/annotate_sv_genes.py	saved decoded SV table, UCSC genePred, HPO mapping, Exomiser genes	gene-overlap and phenotype candidate tables	Python standard library	MVA_DATA_ROOT=/workspace python scripts/sv_mtdna/annotate_sv_genes.py --hpo-terms /private/hpo-terms.json	operations/sv-gene-review-20260910 (uncommitted historical analysis)
Exomiser phenotype sensitivity	scripts/exomiser/prepare_mva1_phenotype_sensitivity.py; run_exomiser_sensitivity.sh	case VCF, phenotype document, HPO ontology, three prepared profiles, Exomiser 15.1.0/2512 resources	baseline/full/axis native results and comparison inputs	Java 21, Exomiser 15.1.0, phenotype/genome bundle 2512, Python	See RECIPES.md three-profile command	mva-candidate-annotation-20260911 1e19bea7a203948ed8b04125604c1a68f90f87b3
PRS	scripts/prs_pgx_taxonomy/run_bounded_prs.py; Carbon-DeCoder	case VCF, pinned score catalog	checkpointed raw model sums and coverage metrics	Python, plink2, pgsc_calc resources	python scripts/prs_pgx_taxonomy/run_bounded_prs.py --help	mva-prs-analysis-20260909 84cb1b494c5d3efd6571ca54ad4b3866d7cc67fd
PGx	scripts/prs_pgx_taxonomy/run_pgx_screen.sh; sanitize_vcf_qual.py	BAM, FASTA, PharmCAT positions/preprocessor/JAR	QC VCF, PharmCAT report, completeness summary	GATK, bcftools, Java, PharmCAT, pysam	bash scripts/prs_pgx_taxonomy/run_pgx_screen.sh --help	mva-pgx-checkpoint-repair-20260909 000699f9f032cac2a53a6c0e08d0e4cb969df13c
taxonomy control	scripts/prs_pgx_taxonomy/run_taxonomy_control.sh; Carbon-DeCoder	BAM, Kraken2 database, explicit sample label	bounded deterministic report and summary	samtools, Kraken2	bash scripts/prs_pgx_taxonomy/run_taxonomy_control.sh --help	mva-taxonomy-control-20260909 f91cd6bb78e6e0324c9470de77f5d4f0e1d79617
AlphaGenome Atlas local replay	scripts/alphagenome/query_alphagenome_zipstored.py; render_alphagenome_targeted.py	local indexed Atlas tables and bounded allele list	targeted extracts, figures, summary	Python, pandas, matplotlib	python scripts/alphagenome/query_alphagenome_zipstored.py --help	mva-alphagenome-api-stage-20260910 41d949eee4baa834214c3279e2bfb94f01eae6cf
AlphaGenome BUB1B/LZTR1 mechanism	scripts/alphagenome	FASTA, saved score tables; prediction mode additionally SDK auth	prepared manifest, replay analysis, profiles, verification	Python, AlphaGenome 0.9.0, pandas, numpy	python scripts/alphagenome/alphagenome_mechanism.py --mode prepare	mva-alphagenome-mechanism-20260910 fd9ab0f29cdb10d732cdac5bf8d5fdc183584880
BUB1B transcript/CDS/protein reconstruction	scripts/alphagenome/reconstruct_bub1b_transcripts.py	indexed GRCh38 FASTA and gzip UCSC ncbiRefSeqCurated genePred table	transcript_reconstruction.json plus mRNA/CDS/protein FASTA and consequence table	Python standard library	python scripts/alphagenome/reconstruct_bub1b_transcripts.py --reference GRCh38.fa --annotation ncbiRefSeqCurated.txt.gz --outdir work/transcripts	operations/alphagenome-mechanism-20260910/transcripts/reconstruct_bub1b.py sha256 b9de5aaf3b0bef4b4f99ad0189e00f427fbc3b99036ce5130462ef33ffb6cdaf
BUB1B hidden alleles and inheritance	scripts/candidates/analyze_bub1b_hidden_alleles.py; remap_bub1b_candidate.py	regional BAM/VCF, SV/MEI evidence, reference	bounded candidate evidence and remapping summaries	Python, pysam, samtools/minimap2 where selected	python scripts/candidates/analyze_bub1b_hidden_alleles.py --help	mva-bub1b-hidden-allele-20260911 4a801c471ddab46a97ee0f800be6b4bc676c7f75
focused VEP/gnomAD/inheritance review	scripts/candidates/focused_candidate_annotation.py	local candidate VCF/FASTA/ClinVar and opt-in public wrappers	allele-exact annotation and inheritance audit	Python, pysam; optional VEP/gnomAD wrappers	MVA_DATA_ROOT=/workspace python scripts/candidates/focused_candidate_annotation.py --manifest /private/candidate-manifest.json select	mva-candidate-annotation-20260911 1e19bea7a203948ed8b04125604c1a68f90f87b3
targeted SV/MEI review	scripts/candidates/analyze_targeted_sv_mei.py	bounded alignment slices, SV calls, reference	read-support metrics and candidate tables	Python, pysam	python scripts/candidates/analyze_targeted_sv_mei.py --help	mva-candidate-annotation-20260911 1e19bea7a203948ed8b04125604c1a68f90f87b3
CLCNKA/CLCNKB reconstruction	scripts/clcnkb/clcn_reconstruct.py; clcn_exact_reference_scan.cpp	bounded locus BAM/FASTA, scanner outputs and minimap2 interstage alignments	reconstructed allele, counts, transcript context	Python, pysam, C++17 compiler, minimap2	See CLCN_REPLAY.md complete ordered chain	mva-clcn-reconstruction-20260911 5c8b715259b974e5ab85abcd00049af685a7ad31
CLCNKB INS79 exact annotation	scripts/clcnkb/audit_clcnkb_ins79.py	GRCh38 FASTA, local ClinVar; opt-in VEP/gnomAD/dbSNP wrappers	exact-allele annotation report and replayable responses	Python, pysam	MVA_DATA_ROOT=/workspace python scripts/clcnkb/audit_clcnkb_ins79.py --help	mva-clcnkb-annotation-repair-20260911 bf098c86f110346810c6de70bd6925c54dea6059
CLCNKB coordinate-corrected functional analysis	scripts/clcnkb/clcnkb_alphagenome.py	reconstructed allele plus FASTA/saved AlphaGenome responses	scalar-score primary summary; unaligned array comparisons explicitly excluded	Python, AlphaGenome 0.9.0, pandas, numpy	MVA_DATA_ROOT=/workspace python scripts/clcnkb/clcnkb_alphagenome.py --help	mva-clcnkb-functional-finalize-20260911 2433cfb6987b149e113fb0f8129ceef25669c5f2
nine-gene canonical pilot	scripts/gene_audits/prepare_panel_metadata.py; extract_panel_vcf_rows.py; classify_canonical_panel_rows.py	saved Ensembl expanded genes or original canonical geometry; single-sample VCF	coordinates, canonical structures, source-preserving classified TSV	Python standard library; metadata collection optional	See GENE_AUDIT_REPLAY.md pilot chain	mva-exploratory-synthesis-20260912 24b5a4f; extractor adapted to true changed-span overlap
N1002K experimental sequence controls	scripts/exploratory/map_bubr1_experimental_controls.py	reference-derived NM_001211.6 CDS/protein FASTA; saved UniProt O60566 JSON	WT/N1002K/L1012P/Q921H sequence-control FASTA and provenance; no experiment	Python standard library	python scripts/exploratory/map_bubr1_experimental_controls.py --help	mva-exploratory-synthesis-20260912 24b5a4f
synthetic bulk-mixture identifiability	scripts/exploratory/bulk_mixture_identifiability.py; plot_bulk_mixture_examples.py	no patient input required; optional bins for structural provenance only	synthetic expected RD/BAF tables; optional figure, not patient burden/LOD	Python standard library; optional matplotlib	python scripts/exploratory/bulk_mixture_identifiability.py --out work/new-mixtures	mva-exploratory-synthesis-20260912 24b5a4f
TRIM37 CEP192 transcript and ClinVar audit	scripts/gene_audits/run_trim37_cep192_variants.sh; audit_transcript_panel_rows.py; audit_panel_clinvar_snapshot.py	three retained single-sample VCFs; expanded Ensembl transcripts; same-reference normalized ClinVar	indexed bounded VCFs, called-ALT primary/secondary transcript TSV, exact snapshot JSON	Python pysam; bcftools 1.20	See GENE_AUDIT_REPLAY.md variant chain	mva-trim37-cep192-audit-20260914 1db8866
TRIM37 CEP192 callability and all-span structural audit	scripts/gene_audits/run_trim37_cep192_structure.sh; analyze_trim37_cep192_structure.py	BAM/BAI, whole DELLY BCF, retained corrected bins, Ensembl transcripts, GRCh38 FASTA	callability, all-filter SV overlap and input-derived normalized span RD/BAF; inversion unknown	Python pysam; samtools/bcftools 1.20	See GENE_AUDIT_REPLAY.md structural chain	mva-trim37-cep192-audit-20260914 1db8866; case-result constants removed
published CEP192 allele mapping and read evidence	scripts/gene_audits/map_cep192_published_alleles.py; published_cep192_support.py	saved exact NM_032142.4 MANE transcript, GRCh38 FASTA, bounded SAM	reference-checked literature sites; independent-template ref/alt/discordant counts	Python pysam; samtools for extracts	See GENE_AUDIT_REPLAY.md structural chain	mva-trim37-cep192-audit-20260914 1db8866
MoChA filter waterfall and ablations	scripts/copy_number/audit_mocha_filter.py	protected historical calls/stats/AWK, source snapshots and execution/review tree	all-call gate table, waterfall, 32 ablations, input/output hashes	Python 3.11+ standard library; awk	See MOCHA_WRAPPER_REPLAY.md retained-filter replay	task/mocha-filter-audit-20260914 7f2a8d023a66d84f5623094eaa80020b3c4058a1
