path	original_sha256	bundled_sha256	relationship	original_source
scripts/qc/audit_partial_gt.py	c9b57d16529915676235c9601083102259adbcafab92c7480c3739f78c9be083	c9b57d16529915676235c9601083102259adbcafab92c7480c3739f78c9be083	exact-copy	task/partial-gt-audit-20260914@f343449/scripts/qc/audit_partial_gt.py
scripts/qc/audit_partial_gt_followup.py	88b01714ea6e5fb57e95a5e9a77e29a6e57e1bce6fae79d03d9ab4c92e360c2b	88b01714ea6e5fb57e95a5e9a77e29a6e57e1bce6fae79d03d9ab4c92e360c2b	exact-copy	task/partial-gt-audit-20260914@f343449/scripts/qc/audit_partial_gt_followup.py
tests/test_partial_gt_audit.py	f124a2ce23ac56f7220782484c6819b58d290dfeb71f733af580d252c8d288de	f124a2ce23ac56f7220782484c6819b58d290dfeb71f733af580d252c8d288de	exact-copy	task/partial-gt-audit-20260914@f343449/tests/test_partial_gt_audit.py
tests/test_clinvar_partial_review.py	-	b28b93f34e26a2c4883d5b5789c55b5c049e0afe68b2e23a3991908fd3bdb6f5	new	screening-reviewed: called-ALT selection without genotype imputation
tests/test_run_mocha_wgs.py	38c92625717b106491a250767a56373fd95084d9bf541ae26a67a31e5b5c56a0	38c92625717b106491a250767a56373fd95084d9bf541ae26a67a31e5b5c56a0	exact-copy	task/mocha-wrapper-fix-20260914@d10d0fa/tests/test_run_mocha_wgs.py
docker/Dockerfile.mocha	5214c5a67b11e72f02bbdf833c2ba809c6d719756da40af277995dffb287d95d	5214c5a67b11e72f02bbdf833c2ba809c6d719756da40af277995dffb287d95d	exact-copy	mva-mocha-lifecycle-20260909/docker/Dockerfile.mocha
scripts/alphagenome/alphagenome_mechanism.py	9d5d47972d8f2f669cd630654be03cecbb70fc3b03c1467406c445ff5d309fea	1809ee98fc099cecd008a4413cc718725e2b1d119d8eb9eec0962206d28bd513	adapted;public-release-adapted	mva-clcnkb-functional-finalize-20260911/scripts/alphagenome_mechanism.py
scripts/alphagenome/analyze_alphagenome_profiles.py	2b34744aaa83a81a5955838503758d2fcc1f7945e87431a22ce7be2da460f061	2b34744aaa83a81a5955838503758d2fcc1f7945e87431a22ce7be2da460f061	exact-copy	mva-clcnkb-functional-finalize-20260911/scripts/analyze_alphagenome_profiles.py
scripts/alphagenome/analyze_lztr1_profile.py	76992eb75997f70fe08c14d6968f96f9bfc530ebd6d00b6c72d21ac085165c0a	76992eb75997f70fe08c14d6968f96f9bfc530ebd6d00b6c72d21ac085165c0a	exact-copy	mva-clcnkb-functional-finalize-20260911/scripts/analyze_lztr1_profile.py
scripts/alphagenome/predict_lztr1_3prime.py	8f877c24d14c55254ea7fd682fdd58c961bf3181c5a82fa6cbd8749ee8e7fa3b	e6dcfeb58b4d17b6647644a9771f73fea8026474fea7b20b4e7b8655fe66d10e	adapted;public-release-adapted	mva-clcnkb-functional-finalize-20260911/scripts/predict_lztr1_3prime.py
scripts/alphagenome/prepare_alphagenome_api_stage.py	21f8efde7296d77f4b5acb6a5ab313e340b2eb1ece61efdf9ff191bf2d976a61	21f8efde7296d77f4b5acb6a5ab313e340b2eb1ece61efdf9ff191bf2d976a61	exact-copy	mva-clcnkb-functional-finalize-20260911/scripts/prepare_alphagenome_api_stage.py
scripts/alphagenome/query_alphagenome_zipstored.py	000ea3247124d421412d3ec8a83e54de2847d3e6574b8ae487dab59e24b0d410	32e760b42fe1fa036d4b2635451f30d3d5b3342235cda6275bd44e8e59abbcef	adapted	mva-clcnkb-functional-finalize-20260911/scripts/query_alphagenome_zipstored.py
scripts/alphagenome/reconstruct_bub1b_transcripts.py	b9de5aaf3b0bef4b4f99ad0189e00f427fbc3b99036ce5130462ef33ffb6cdaf	8576767b6fa3a8b754cc1c1dd2a2bb6a5f2418fb2ca16e5908d87f29f84d4b8b	adapted	operations/alphagenome-mechanism-20260910/transcripts/reconstruct_bub1b.py
scripts/alphagenome/render_alphagenome_targeted.py	48ec7d2f8613897fd7fea0e74962f23dc59a95893045db4475813c11fca5f052	48ec7d2f8613897fd7fea0e74962f23dc59a95893045db4475813c11fca5f052	exact-copy	mva-clcnkb-functional-finalize-20260911/scripts/render_alphagenome_targeted.py
scripts/alphagenome/run_alphagenome_api_stage.py	90c3995a1c965c6b3a06cad166de24513ee9e89894b1fd4c16e837e6c233be72	538014e2079423b5021d0ebd43726ea8e44b10af19618835d3fc72bcde0ca286	adapted;public-release-adapted	mva-clcnkb-functional-finalize-20260911/scripts/run_alphagenome_api_stage.py
scripts/alphagenome/score_alphagenome_noncoding.py	5b38e3c42017e2fc5a54dbe3e2c78f7be6ea37d59ab7d52c41cfc8fb9f3847a1	1e3e82341ce312a703d7e5711919b70b91c584a19d6291fae075f7973b7fcbb9	adapted;public-release-adapted	mva-clcnkb-functional-finalize-20260911/scripts/score_alphagenome_noncoding.py
scripts/alphagenome/summarize_alphagenome_mechanism.py	5da91199882a5033bc070e98cf415d8db2064a6d8f2f29bd5e72d4c484dd1ca5	5da91199882a5033bc070e98cf415d8db2064a6d8f2f29bd5e72d4c484dd1ca5	exact-copy	mva-clcnkb-functional-finalize-20260911/scripts/summarize_alphagenome_mechanism.py
scripts/alphagenome/verify_alphagenome_mechanism.py	74e42cd2aebd6f6ddbb1a69bf827e149088786df8ba776da427386b8db1e9442	ca660bf8b75ef3a33bf9dda973d2214598f17a3bb402086bdc90114a37c59187	exact-copy;public-release-adapted	mva-clcnkb-functional-finalize-20260911/scripts/verify_alphagenome_mechanism.py
scripts/candidates/analyze_bub1b_hidden_alleles.py	a59304840a8867ff6b3eabce11cdd492a1a519e26187cf66a97e148b2e2bc820	a59304840a8867ff6b3eabce11cdd492a1a519e26187cf66a97e148b2e2bc820	exact-copy	mva-bub1b-hidden-allele-20260911/scripts/analyze_bub1b_hidden_alleles.py
scripts/candidates/analyze_targeted_sv_mei.py	997ff0ef429ad183a96aaedd4610472ea8925395d329026a4409f85fd77a485b	d31cf2aa40ca9865b438abca2fe445083de66fd08de5098eb4731abd307f0597	exact-copy;public-release-adapted	mva-candidate-annotation-20260911/scripts/analyze_targeted_sv_mei.py
scripts/candidates/compare_mva1_exomiser.py	eaf82f0f456664ade822049e44c1f6a62b0a4042da3da38e9855190c16eae04d	eaf82f0f456664ade822049e44c1f6a62b0a4042da3da38e9855190c16eae04d	exact-copy	mva-candidate-annotation-20260911/scripts/compare_mva1_exomiser.py
scripts/candidates/focused_candidate_annotation.py	65d89886147318dafcccc6db7ed06a8b944207389ef1ffdbc3e63fb8111698e7	64d56cdb7c41e0eb1f66ec37206ca98d1445b450f0401d4dd377d9db17f15101	adapted;public-release-adapted	mva-candidate-annotation-20260911/scripts/focused_candidate_annotation.py
scripts/candidates/remap_bub1b_candidate.py	7cd5ecb6411a9cdf1c1c9a44177150b0b2722a96c29b266e4f9d334df1abb68d	7cd5ecb6411a9cdf1c1c9a44177150b0b2722a96c29b266e4f9d334df1abb68d	exact-copy	mva-bub1b-hidden-allele-20260911/scripts/remap_bub1b_candidate.py
scripts/clcnkb/audit_clcnkb_ins79.py	5b645f89292d490068c3bb9d927557381dcc1f30b1695df39d653de79a8a5605	51f945448c66bb6bf81d744c5e6205179ad15d3aee6ba3cec4b47ddca40eec5c	adapted;public-release-adapted	mva-clcnkb-annotation-repair-20260911/scripts/audit_clcnkb_ins79.py
scripts/clcnkb/clcn_exact_reference_scan.cpp	939b2cb8b2c35f1df283509cc41383bbc34b60f591b24cccad646802a26e3ee7	939b2cb8b2c35f1df283509cc41383bbc34b60f591b24cccad646802a26e3ee7	exact-copy	mva-clcn-reconstruction-20260911/scripts/clcn_exact_reference_scan.cpp
scripts/clcnkb/clcn_reconstruct.py	e00ed8a720cbb12a674604cd4e2738702cf266e8e1de6c5da8563bbfb3921f73	e00ed8a720cbb12a674604cd4e2738702cf266e8e1de6c5da8563bbfb3921f73	exact-copy	mva-clcn-reconstruction-20260911/scripts/clcn_reconstruct.py
scripts/clcnkb/clcnkb_alphagenome.py	ff882b82169d54b333e0c0574e5a6ef2500443e03baf58117b54de5a4617ffcd	ecd0d961c82d4ba95e17805c8720a3b8e66889f48888b9dc9cfe1967b9d019b1	adapted;public-release-adapted	mva-clcnkb-functional-finalize-20260911/scripts/clcnkb_alphagenome.py
scripts/clinvar/clinvar_exact.py	11a6727eb9b4f3484f89e9802e3b598c2cb04de93f181896f4bb6a45f86c4733	9837669866b6faee5adbe68d551c479e9286a74efa14bf2a171e45b7685e0a7d	adapted	mva-clcnkb-functional-finalize-20260911/scripts/clinvar_exact.py; screening-reviewed partial-called-ALT strata
scripts/clinvar/clinvar_triage.py	5f56fa316cf9fd31d9009e4de6eb18a4c553e56d874c0142693b8e8ed58e650a	6e3ae39859efc8526e5d51dc91ffbcbd990a4890629b632abc1aff9609e4b987	adapted	mva-clinvar-triage-20260909/scripts/clinvar_triage.py; screening-reviewed explicit ALT retention
scripts/clinvar/prepare_clinvar.py	10be2893c6ead6abd6ff08ae4f5f1f4b7b7a776de4a7496530174b3f0ffb912d	10be2893c6ead6abd6ff08ae4f5f1f4b7b7a776de4a7496530174b3f0ffb912d	exact-copy	mva-hackathon-2026-track1/prepare-clinvar.py
scripts/copy_number/audit_mocha_filter.py	b3a6ad44b59ced40eee1b5841e0e96cd1fb052804eee36408caec5dcd44327e9	b3a6ad44b59ced40eee1b5841e0e96cd1fb052804eee36408caec5dcd44327e9	exact-copy	task/mocha-filter-audit-20260914@7f2a8d023a66d84f5623094eaa80020b3c4058a1/scripts/copy_number/audit_mocha_filter.py
scripts/copy_number/chromosome_rd_baf.py	67ad01308d036a1282d6592ed6b0023dd03da6095563f431624b54ed47561ebc	67ad01308d036a1282d6592ed6b0023dd03da6095563f431624b54ed47561ebc	exact-copy	mva-clcnkb-functional-finalize-20260911/scripts/chromosome_rd_baf.py
scripts/copy_number/interpret_mocha.py	efd658ae4a681947be242b5e0d0a90086171dc1f50b43d2d896fc62a2b320c74	64706874bd6fc9c273bb7b41131cee26d03f97d78a40f6eec5ec255adb7530b9	adapted	operations/mocha-interpretation-20260910/analyze.py
scripts/copy_number/rd_baf_followup.py	f9101aa77f265102a0f529c84fd73a0beb1031bed97d8c7415eafe650f14a175	7451437a0c8815a52959ee18e00d27d7e04cd4570a68c42d5cd0fade8c698529	exact-copy;public-release-adapted	mva-rd-baf-followup-20260909/scripts/rd_baf_followup.py
scripts/copy_number/run_mocha_wgs.sh	d314963dc05d274e34d541f4a4d194b71e61dc7d9848e26d988e521f666c5da0	abde78c078942411774849f8a71915b500658b804e2b069e4de03e6fc45867c4	adapted	mva-mocha-install-queue-20260909/scripts/run_mocha_wgs.sh
scripts/exomiser/postprocess_exomiser_candidate.py	aa21a771ea453b8b6bd47f04d884e0129c375194412e33ca71a6e4c509f041bc	aa21a771ea453b8b6bd47f04d884e0129c375194412e33ca71a6e4c509f041bc	exact-copy	mva-clcnkb-functional-finalize-20260911/scripts/postprocess_exomiser_candidate.py
scripts/exomiser/prepare_exomiser_inputs.py	a2fdf42b78106103b21dc38f83a416255552c0c4de37650aa42e20567ce1ca9e	a2fdf42b78106103b21dc38f83a416255552c0c4de37650aa42e20567ce1ca9e	exact-copy	mva-clcnkb-functional-finalize-20260911/scripts/prepare_exomiser_inputs.py
scripts/exomiser/prepare_mva1_phenotype_sensitivity.py	5f22cfc255c0185d4e4e5029deb35495b6429eacf2c2743fef1e081978992ac6	357de76584e2d6116cb185babe32c7b588d003914dbfe211ebe50ada0fc08347	exact-copy;public-release-adapted	mva-candidate-annotation-20260911/scripts/prepare_mva1_phenotype_sensitivity.py
scripts/exomiser/run_exomiser_followup.sh	d39ec9c65efdfa4b6216a885bbcb454b4684df77d0f28891954e557035c179de	d39ec9c65efdfa4b6216a885bbcb454b4684df77d0f28891954e557035c179de	exact-copy	mva-clcnkb-functional-finalize-20260911/scripts/run_exomiser_followup.sh
scripts/exomiser/run_exomiser_sensitivity.sh	693a5935a22701d5654b87c853af57250e06298851fb8f122bdcc3ab9b2b7479	a6cea297be333d520d5fcb36f9116654e12a085537a867f7feb9f5887e0f315a	adapted	mva-candidate-annotation-20260911/scripts/run_mva1_exomiser_sensitivity.sh
scripts/exploratory/bulk_mixture_identifiability.py	da400d77cff893dd08a30f63d09cf5234914ce71fd312a080c12ff8f70d06b6b	f0811dcb6f60ca2e99e15ce612875d9bd6a45a6e8cd1e6f7d5a70542d93bd58d	adapted	mva-exploratory-synthesis-20260912@24b5a4f/scripts/bulk_mixture_identifiability.py
scripts/exploratory/map_bubr1_experimental_controls.py	f48343ae0924c35fd50114c64af0fb511e17dacc5acd74faefd000695adeb9f0	f250a4e86351b239d4b3900d515c5e2b1349b9dd9c000dbd48ab23c3a7b8a98d	adapted	mva-exploratory-synthesis-20260912@24b5a4f/scripts/map_bubr1_experimental_controls.py
scripts/exploratory/plot_bulk_mixture_examples.py	46c7be6e54d3951fae0ed423a84ed2770c9c5c2fab2ae4e8edb7142080d8ca77	eee0f62b50452c2af8de7479368cf37c9ee93d46a6bebaaf2e7185978e654b34	adapted	mva-exploratory-synthesis-20260912@24b5a4f/scripts/plot_bulk_mixture_examples.py
scripts/gene_audits/analyze_trim37_cep192_structure.py	f9f75420bca1d368e33364f04c1bdf73f4546938f6c0450f7e34aaa6d8380b5f	50ddb86ca888a0db60be4f5e8fef5ec3e0ffc5df080c67bf603bfe17570c5fb1	adapted	mva-trim37-cep192-audit-20260914@1db8866/scripts/analyze_trim37_cep192_structure.py
scripts/gene_audits/audit_panel_clinvar_snapshot.py	a8ddc6641804dd80ca13113080ac9b6f3eb86a9cea41ed91fb299793d102974a	c7f2d5d98eb9c8cc4afb22f5ede241ab5aded286c708d11db2c0d7d05c881cdd	adapted	mva-trim37-cep192-audit-20260914@1db8866/scripts/audit_panel_clinvar_snapshot.py
scripts/gene_audits/audit_transcript_panel_rows.py	148fa07dd65694de1e4be9c66771512541a2a453c775e1643767966e99577b5b	674b28cc21bd90651f58937da1861d4c252f9637ab4b900c840e0172eab13be9	adapted	mva-trim37-cep192-audit-20260914@1db8866/scripts/audit_transcript_panel_rows.py
scripts/gene_audits/classify_canonical_panel_rows.py	e321a9debae306ea71a950e4054c0693fb8c1262e6839ce40ad62b457f09b3fe	1b8a83b1c501e8ddb91f451b139d2b731b85f1cfe16e1fd0b7dcd23676cc84cc	adapted	mva-exploratory-synthesis-20260912@24b5a4f/scripts/classify_canonical_panel_rows.py
scripts/gene_audits/extract_panel_vcf_rows.py	5d18409c1d6803b834af386becd4bb15639ce452c429b0d6c182c26618f0470d	347be40257ede8f75cfd0dde8ba94c74f6ffe0c6353860f600fa026b7daee53f	adapted	mva-exploratory-synthesis-20260912@24b5a4f/scripts/extract_panel_vcf_rows.py
scripts/gene_audits/map_cep192_published_alleles.py	4ce48b68a62ca05beb2568081b17325c82eb30bef1e55352f5aec73339344ae2	9a2ea0022ec05f036ab164e679819627164387255b5c75728a407438a094a976	adapted	mva-trim37-cep192-audit-20260914@1db8866/scripts/map_cep192_published_alleles.py
scripts/gene_audits/prepare_panel_metadata.py	-	30d910b253fa7032681c383c11032dacfc0c1f9cc4744495130b6d7b46bb955b	new	September14-revision: offline metadata-preparation helper
scripts/gene_audits/published_cep192_support.py	69ecd9e330352153c82e23e87ee9b2f2e3794fa7539ee1f1c990ff3b2f497469	a04f85bd4aea8cf9389ec3aa299e6cb9f6a7e57ccc212ae1d1a127878060561c	adapted	mva-trim37-cep192-audit-20260914@1db8866/scripts/published_cep192_support.py
scripts/gene_audits/run_trim37_cep192_structure.sh	c1255b4de9b4f9f4e88eff5a625be35225ec8fb0981231d221b805b837efb4cc	4129d37acdcfe517254f2c8a56f6b00dfe0c4cd3eaeea618b7a20516d45fbe48	adapted	mva-trim37-cep192-audit-20260914@1db8866/scripts/run_trim37_cep192_structure.sh
scripts/gene_audits/run_trim37_cep192_variants.sh	217532926d55d911cf8c3eee21ba27be81aacca195467e11a76837bc0a3d5edd	56faa5f8ac5acfe794d3410764d4d8c1da39cb8f0f8503d8551e1a670d554c2a	adapted	mva-trim37-cep192-audit-20260914@1db8866/scripts/run_trim37_cep192_variants.sh
scripts/phase/audit_regional_fragment_phase.py	9da8599601d789ece81ef63b048ec2e15bed039d523ca33917257efe3648bd79	9da8599601d789ece81ef63b048ec2e15bed039d523ca33917257efe3648bd79	exact-copy	mva-bub1b-hidden-allele-20260911/scripts/audit_regional_fragment_phase.py
scripts/phase/prepare_bub1b_core_phase.py	26c293f26f29d8b991af0ec24f223cbe76021cca0bdb743b360b8c5352a42e1c	26c293f26f29d8b991af0ec24f223cbe76021cca0bdb743b360b8c5352a42e1c	exact-copy	mva-clcnkb-functional-finalize-20260911/scripts/prepare_bub1b_core_phase.py
scripts/phase/prepare_regional_phasing.py	15c76b3cf135bc7577a19157d24777bec85a1797a0e608a93d0f4c905874afb1	15c76b3cf135bc7577a19157d24777bec85a1797a0e608a93d0f4c905874afb1	exact-copy	mva-clcnkb-functional-finalize-20260911/scripts/prepare_regional_phasing.py
scripts/phase/query_gnomad_schema.py	209cfdcca4be017bf1b6f7ad0463576717f992f76dc340087d9953fadf4b22bf	c3ac74328f2d9b595a372933632cc681f3870383f65bc339133ca5989f54f410	adapted	mva-gnomad-cooccurrence-20260910/scripts/query_gnomad_schema.py
scripts/prs_pgx_taxonomy/run_bounded_prs.py	586333e9c473bd42e59b0911df2f69e6ce4296fe70f7807718e3f447f3d9e779	586333e9c473bd42e59b0911df2f69e6ce4296fe70f7807718e3f447f3d9e779	exact-copy	mva-clcnkb-functional-finalize-20260911/scripts/run_bounded_prs.py
scripts/prs_pgx_taxonomy/run_pgx_screen.sh	e7247e1edddfb1fc077543b6a243514d10db13b1abb423ce77c43ccf628f491b	e7247e1edddfb1fc077543b6a243514d10db13b1abb423ce77c43ccf628f491b	exact-copy	mva-clcnkb-functional-finalize-20260911/scripts/run_pgx_screen.sh
scripts/prs_pgx_taxonomy/run_taxonomy_control.sh	8fd133467da04fa9e93ab90faa11de99639f4048384c6567ef01ab23cd5905a9	8fd133467da04fa9e93ab90faa11de99639f4048384c6567ef01ab23cd5905a9	exact-copy	mva-clcnkb-functional-finalize-20260911/scripts/run_taxonomy_control.sh
scripts/prs_pgx_taxonomy/sanitize_vcf_qual.py	7d11cd88e1a8d734160961cb3c1f77a7a7ed73d72a7fb41dada21bc84c905ecb	7d11cd88e1a8d734160961cb3c1f77a7a7ed73d72a7fb41dada21bc84c905ecb	exact-copy	mva-clcnkb-functional-finalize-20260911/scripts/sanitize_vcf_qual.py
scripts/public_api/dbsnp_cli.py	ce17184fa0c5e1e8bb9d7140a50d932a6cf005df0afa3f1b53d590d98a9999d7	d468e9ea48a6df1cdd5f9cbdd558a0556deb5168b5f939e21a1f0e334b7db186	adapted	Google-LLC Apache-2.0 biomedical skill client/dbsnp_cli.py
scripts/public_api/ensembl_api.py	5aa3871273e7538a54c3d2d66a4d9d7a316ace13f9b8992e2419e8a0952ce731	1bbdcbcae007ec28e59d608acfde509269128c80e6cbca8666ca420c5ab04ea8	adapted	Google-LLC Apache-2.0 biomedical skill client/ensembl_api.py
scripts/public_api/get_variant_frequency.py	aea4ba2f0c6d0d3e927f2be0d10f67f273bdc2ad846541e55eb7b9719106a0f8	363755977df49a759ff34f128d863697d537a791cef8f21c1c928f92b18c9d79	adapted	Google-LLC Apache-2.0 biomedical skill client/get_variant_frequency.py
scripts/qc/audit_vcf_reference.py	aa26b801e8b6524e8c1fae4996ca33a00a3b97c2778b26eadbd2a7f390fae11a	aa26b801e8b6524e8c1fae4996ca33a00a3b97c2778b26eadbd2a7f390fae11a	exact-copy	mva-hackathon-2026-track1/audit-vcf-reference.py
scripts/qc/normalize_vcf.py	2da8d21262c6cb773ea2625ac449ec8421dd31b5b9ee43312876e40c80d4d7d8	2da8d21262c6cb773ea2625ac449ec8421dd31b5b9ee43312876e40c80d4d7d8	exact-copy	mva-hackathon-2026-track1/normalize-vcf.py
scripts/qc/vcf_qc.py	ed20bd07d754d0cd72719e52e2f3744ba22cdf99395bb65f92715bcbf9fdc6b4	ed20bd07d754d0cd72719e52e2f3744ba22cdf99395bb65f92715bcbf9fdc6b4	exact-copy	mva-hackathon-2026-track1/vcf-qc.py
scripts/sv_mtdna/annotate_sv_genes.py	211341ccfe5081e0ff90df9e0314c39e304ce2822af166efabf376555d3a611d	d4ed4b912b5c41cc46cf6eae65980d908bb8d2dc7d2bdef136c9066437324a48	adapted;public-release-adapted	operations/sv-gene-review-20260910/annotate.py
scripts/sv_mtdna/filter_existing_mtdna.sh	750b27ee1b520496c1946d50c4d1b1f0a28f18635eddd2ba3050bcd614e614fd	ef815f09af3d7c790db5ca599f73354cc5b2c3f190324ef0b9290e4e91acce83	adapted	operations/filter-existing-mtdna.sh
scripts/sv_mtdna/run_mtdna_sv_screen.sh	b38d672e599044440223b4ddfe28d851265b7c2aee783262ef6e844b9c5a60bc	b38d672e599044440223b4ddfe28d851265b7c2aee783262ef6e844b9c5a60bc	exact-copy	mva-clcnkb-functional-finalize-20260911/scripts/run_mtdna_sv_screen.sh
tests/test_audit_transcript_panel_rows.py	9e5c128e196ecbe2ce6cb10303905f62cd4838446824c40309fd6deae886d678	08ec1dde47fda31826f204857cee4908003884258af8d4c873eaff20df252ed6	adapted	mva-trim37-cep192-audit-20260914/tests/test_audit_transcript_panel_rows.py
tests/test_bulk_mixture_identifiability.py	a74aa85a0279bc691cc5d2c795dd9c651a4ddad35ebfe2dc621e8bae397bea91	a6974c5e5193d6966325174ed8bcfe006e9f04204691e213f99aacc272b87b21	adapted	mva-exploratory-synthesis-20260912/tests/test_bulk_mixture_identifiability.py
tests/test_canonical_panel_boundaries.py	c329ac823ac6c28b770fdf918b7e491d872008560237180c51f54f7bfcd8924c	0b6ce593d97b7ccc11e1e761a66fef20794d8d5ba68d6b5e30bcf8c4ccc738ef	adapted	mva-exploratory-synthesis-20260912/tests/test_canonical_panel_boundaries.py
tests/test_clcn_reconstruction.py	4228360a1beb51e4d6b0e85be828d576f3d100886f1f38e83d1141e8a1eea993	e2baa4398edd65464aa5f24e1a79a61c75ec280270857989ef8a9000e41535fd	adapted	mva-clcn-reconstruction-20260911/tests/test_clcn_reconstruction.py
tests/test_gene_audit_replay.py	-	71630db8764f18d3ebca03ab6e5efa57d9ed25492962803c32a537dc7be33c8e	new	September14-revision: focused synthetic replay and overwrite checks
tests/test_panel_clinvar_called_alts.py	54851dcf62ff8f966fe796adb142f6e17bbcf0377d59a74e439cf960bc621c8f	4b1bc6fb845297d5c367191aac5593522c1d3f429abec94254f6b14f09ce7153	adapted	mva-trim37-cep192-audit-20260914/tests/test_panel_clinvar_called_alts.py
tests/test_portability.py	-	e2fcd9ee1ada2e5462f287e2c6dcc7572db030baef5e4e191c4de38d878d2175	new	September14-revision: focused synthetic replay and overwrite checks
.gitignore	dcf0353c26522b3ab35f37bdcd10660706e706f6e945a12451ffa98304c90423	d173f0f29b3daf67f6a1c7a4300d5bae6f26d1ee2331b8158f6b44a36c779e25	public-release-adapted	screening-reviewed-20260914/.gitignore
CLCN_REPLAY.md	bedaf589c04eb683b21e34de9193cf61593cbf6f24874183f649d32f0cb5e519	7265824dd9f4ed497dbce4381b2b36ed60da2505ffef366e6d20ba3a57b914bc	exact-copy;public-release-adapted	screening-reviewed-20260914/CLCN_REPLAY.md
GENE_AUDIT_REPLAY.md	db6b2e50f7ed75320e769e2f0208511c4f097d75215d561be02f9bd38a594b98	db6b2e50f7ed75320e769e2f0208511c4f097d75215d561be02f9bd38a594b98	exact-copy	screening-reviewed-20260914/GENE_AUDIT_REPLAY.md
METHODS.md	-	63381e7b40c85189a1a70da2732d6beb417278c13bfc661d79f044bebb720b21	new	public-release-20260929
MOCHA_WRAPPER_REPLAY.md	61a7c691352c23fcc0de0005a24907b5c5ec0695f93663d656b0e8680c82489a	61a7c691352c23fcc0de0005a24907b5c5ec0695f93663d656b0e8680c82489a	exact-copy	screening-reviewed-20260914/MOCHA_WRAPPER_REPLAY.md
PARTIAL_GT_REPLAY.md	721fe64427962b50517377e75d50c89afa07c47474042c81291740a8de1fcb24	721fe64427962b50517377e75d50c89afa07c47474042c81291740a8de1fcb24	exact-copy	screening-reviewed-20260914/PARTIAL_GT_REPLAY.md
POPULATION_AND_FEASIBILITY_REPLAY.md	2ab45b49dc7bea69ea024ef85c25505d54f0ebf4309803017964b96549ebc386	9bb3fb8028cf5e7deb380acc244c6bc6ed9c2572b3fffcfdda986f0a294c90e2	exact-copy;public-release-adapted	screening-reviewed-20260914/POPULATION_AND_FEASIBILITY_REPLAY.md
README.md	86bfe6e792a96c74c5520adceb4cd204da7d5482c385f0a64c31bb1255fcb0d0	625d43ba9d8b0cd14b11fa677025ac3712d652a2257fc303c0e3f3c724b31f82	public-release-adapted	screening-reviewed-20260914/README.md
RECIPES.md	acc4c8df036afa0fd46271a4de1d4aa207fec19ee7b0461f63e7c4a952480cb5	71659a658ed0de11728b721ab822108f74a61efc364e257e64944f79127b7141	public-release-adapted	screening-reviewed-20260914/RECIPES.md
REGISTRY.tsv	c43ef1b1fe77c8cf4e3924e91f8048dbafb771c32a0c9509fc0ed81211941788	b009f95d485a1cbba66fb2483ebb3f734802582f92b30608e0174b431a899035	public-release-adapted	screening-reviewed-20260914/REGISTRY.tsv
THIRD_PARTY_NOTICES.md	6f0dee212a1ad763c05604bb3f132187bb9941591ed3f8867ecd367ee6acca6e	6f0dee212a1ad763c05604bb3f132187bb9941591ed3f8867ecd367ee6acca6e	exact-copy	screening-reviewed-20260914/THIRD_PARTY_NOTICES.md
config/example.env	dc06ce6f503978620d6bab504b1d510d740644a37974413b291f87338b9beb2e	dc06ce6f503978620d6bab504b1d510d740644a37974413b291f87338b9beb2e	exact-copy	screening-reviewed-20260914/config/example.env
config/phenotype-sensitivity.md	-	ce5f12d60655ab47f644108fa1cbd17bfb7dfd9233eba8bfb8a39ade5e57094d	new	public-release-20260929
licenses/Apache-2.0.txt	cfc7749b96f63bd31c3c42b5c471bf756814053e847c10f3eb003417bc523d30	cfc7749b96f63bd31c3c42b5c471bf756814053e847c10f3eb003417bc523d30	exact-copy	screening-reviewed-20260914/licenses/Apache-2.0.txt
requirements.txt	-	0f81fa38703318446dd7a26a007e07b0b91631a18c4f5820b1b3d4aff37f485d	new	public-release-20260929
scripts/alphagenome/alphagenome_native_client.py	-	866e96ccea88d3a084f662336ce35f0fedc2aef9e4e961c888cabf8d14c2a2df	new	public-release-20260929
scripts/candidates/CANDIDATE_CONFIG.md	-	f5c6e439945535e103291e5b3c18f6cd1ab58f1ada8d770e0d02bd6b3455c239	new	public-release-20260929
tests/test_candidate_reports.py	-	330b64fe18a4c455b41bd4334c04ecbc4c3cdd3dab7d2ca34c824ebd512a9f5e	new	public-release-20260929
tests/test_native_alphagenome_client.py	-	770d13e2cba15ddfd661f5363186c66ae65a1004b62d87b675c5ab4d4260d055	new	public-release-20260929
tests/test_phenotype_sensitivity.py	-	a314a7491232dbd3bbcd295feba1ba73211f864cb45c645fc1ba2b21796846b3	new	public-release-20260929
